order_id,isbn,publisher,school,price,duration,order_datetime
98765,8.62728E+11,OPENSTAX,CLT,5,150_day,21:29.6
98766,6.57822E+12,ENGLISH PUBLICATIONS,PDX,5,110_day,37:45.6
98767,2.8096E+11,MCGRAW-HILL,IAD,8,70_day,26:00.6
98768,6.90887E+12,ENGLISH PUBLICATIONS,LAS,1,140_day,19:51.6
98769,2.80301E+12,ENGLISH PUBLICATIONS,TPA,7,40_day,15:44.6
98770,3.89941E+12,ENGLISH PUBLICATIONS,MCO,7,20_day,57:52.6
98771,1.8996E+12,PEARSON,MIA,3,110_day,16:43.6
98772,7.54473E+11,OPENSTAX,CLE,1,90_day,31:23.6
98773,5.52758E+12,ENGLISH PUBLICATIONS,HNL,7,130_day,13:20.6
98774,8.76517E+12,PEARSON,SEA,1,90_day,33:37.6
98775,7.19258E+12,SCIPUB,BOS,8,140_day,02:28.6
98776,6.90496E+12,SCIPUB,PHL,5,10_day,01:33.6
98777,6.34004E+12,PEARSON,DTW,4,40_day,47:03.6
98778,5.18997E+12,ENGLISH PUBLICATIONS,CLE,6,10_day,13:42.6
98779,3.54739E+12,MACMILLAN,ATL,4,150_day,13:01.6
98780,1.84241E+12,OXFORD UNIVERSITY PRESS,MCI,4,0_day,12:27.6
98781,6.78321E+12,PEARSON,BOS,6,30_day,36:54.6
98782,6.75394E+12,SCIPUB,LAX,7,0_day,31:46.6
98783,5.78844E+12,ENGLISH PUBLICATIONS,BOS,8,150_day,17:32.6
98784,4.71933E+12,MACMILLAN,AUS,3,70_day,19:29.6
98785,9.86376E+12,PENGUIN RANDOMHOUSE,BNA,8,40_day,15:53.6
98786,8.86961E+12,ENGLISH PUBLICATIONS,IAD,8,110_day,34:13.6
98787,6.48306E+12,ENGLISH PUBLICATIONS,ATL,2,120_day,27:54.6
98788,3.65583E+12,PEARSON,MIA,8,120_day,42:15.6
98789,3.45874E+12,PEARSON,FLL,2,20_day,31:52.6
98790,3.1178E+12,OXFORD UNIVERSITY PRESS,MCO,2,160_day,17:20.6
98791,7.09221E+12,ENGLISH PUBLICATIONS,SAN,2,100_day,12:46.6
98792,4.78016E+12,PEARSON,PDX,9,20_day,17:58.6
98793,3.45584E+12,ENGLISH PUBLICATIONS,MCO,4,60_day,51:17.6
98794,1.44176E+12,PEARSON,SEA,9,10_day,37:34.6
98795,9.27708E+12,MCGRAW-HILL,MSP,6,120_day,05:31.6
98796,6.64995E+12,SCIPUB,BNA,2,70_day,17:34.6
98797,8.99958E+12,SCIPUB,MCO,2,0_day,48:45.6
98798,8.50302E+12,PEARSON,LAX,8,20_day,20:05.6
98799,8.61976E+11,MCGRAW-HILL,PHX,7,0_day,42:18.6
98800,7.68145E+12,ENGLISH PUBLICATIONS,SMF,8,20_day,40:12.6
98801,3.89449E+12,ENGLISH PUBLICATIONS,DEN,4,130_day,03:14.6
98802,5.6496E+12,PENGUIN RANDOMHOUSE,DFW,1,100_day,51:49.6
98803,3.10964E+12,SCIPUB,BNA,5,70_day,21:21.6
98804,1.59591E+12,PENGUIN RANDOMHOUSE,ORD,4,40_day,52:59.6
98805,4.88793E+12,PEARSON,SNA,2,20_day,41:18.6
98806,4.33935E+12,PEARSON,MSP,8,10_day,26:04.6
98807,4.67791E+12,OPENSTAX,SEA,5,50_day,59:09.6
98808,5.70587E+11,MCGRAW-HILL,LGA,7,80_day,03:32.6
98809,8.62906E+12,OXFORD UNIVERSITY PRESS,DCA,10,70_day,27:54.6
98810,5.57897E+12,MCGRAW-HILL,MDW,6,40_day,29:54.6
98811,4.78399E+12,MCGRAW-HILL,RDU,7,60_day,40:49.6
98812,3.14084E+12,ENGLISH PUBLICATIONS,JFK,2,130_day,23:17.6
98813,1.12749E+12,SCIPUB,CLT,4,40_day,48:49.6
98814,1.74875E+12,MACMILLAN,SAN,5,70_day,09:28.6
98815,8.02214E+12,ENGLISH PUBLICATIONS,DTW,10,120_day,42:30.6
98816,5.84162E+11,PEARSON,BNA,5,120_day,44:20.6
98817,42139274849,ENGLISH PUBLICATIONS,HNL,7,140_day,50:31.6
98818,1.8271E+12,OPENSTAX,SMF,10,110_day,20:49.6
98819,9.79339E+12,PENGUIN RANDOMHOUSE,DTW,3,90_day,06:01.6
98820,6.81418E+12,PENGUIN RANDOMHOUSE,STL,4,130_day,47:37.6
98821,6.56049E+12,OPENSTAX,RDU,8,170_day,07:15.6
98822,3.58362E+12,OPENSTAX,SLC,10,70_day,20:05.6
98823,8.97649E+12,ENGLISH PUBLICATIONS,MCI,7,90_day,56:53.6
98824,4.68222E+12,OXFORD UNIVERSITY PRESS,MIA,5,140_day,28:04.6
98825,9.39845E+12,ENGLISH PUBLICATIONS,LAX,4,140_day,16:01.6
98826,2.68752E+12,PENGUIN RANDOMHOUSE,LAS,6,160_day,52:12.6
98827,8.74502E+12,ENGLISH PUBLICATIONS,MCO,1,70_day,22:59.6
98828,3.65897E+12,OXFORD UNIVERSITY PRESS,LAS,3,90_day,40:09.6
98829,1.25205E+12,OXFORD UNIVERSITY PRESS,TPA,5,80_day,45:43.6
98830,3.39237E+12,OPENSTAX,SMF,7,170_day,54:17.6
98831,8.69683E+12,MCGRAW-HILL,DTW,7,90_day,34:49.6
98832,6.31344E+12,MCGRAW-HILL,ORD,1,40_day,10:23.6
98833,6.86067E+12,MCGRAW-HILL,SAN,3,0_day,20:28.6
98834,1.69834E+11,SCIPUB,ATL,5,20_day,56:18.6
98835,6.5443E+12,MACMILLAN,CLE,4,40_day,08:55.6
98836,4.59268E+12,MACMILLAN,CLE,4,80_day,59:37.6
98837,4.87136E+12,PEARSON,MCO,8,140_day,12:07.6
98838,3.5912E+12,MACMILLAN,HOU,4,10_day,10:08.6
98839,9.17915E+12,OPENSTAX,JFK,6,80_day,41:06.6
98840,3.38269E+11,SCIPUB,SMF,5,50_day,48:49.6
98841,1.07496E+12,SCIPUB,IAD,2,0_day,09:55.6
98842,1.50095E+12,MACMILLAN,RDU,3,0_day,57:09.6
98843,9.37791E+12,PENGUIN RANDOMHOUSE,CLE,9,130_day,02:17.6
98844,7.28902E+12,PEARSON,PDX,7,40_day,10:40.6
98845,5.8415E+11,OPENSTAX,BWI,8,0_day,21:43.6
98846,1.76268E+12,ENGLISH PUBLICATIONS,LGA,10,10_day,17:04.6
98847,8.49935E+12,MACMILLAN,PHL,6,130_day,13:02.6
98848,2.78622E+12,ENGLISH PUBLICATIONS,SFO,8,160_day,28:55.6
98849,9.12222E+12,MCGRAW-HILL,TPA,9,140_day,15:42.6
98850,8.75871E+12,MCGRAW-HILL,MCO,1,180_day,19:27.6
98851,8.91954E+12,ENGLISH PUBLICATIONS,MSP,8,100_day,23:52.6
98852,9.65963E+12,OPENSTAX,BOS,10,110_day,15:27.6
98853,3.81092E+12,OXFORD UNIVERSITY PRESS,SMF,6,70_day,56:20.6
98854,7.13678E+12,PEARSON,HOU,2,110_day,43:12.6
98855,7.64504E+12,ENGLISH PUBLICATIONS,SFO,3,90_day,29:29.6
98856,5.22737E+12,MACMILLAN,DFW,5,30_day,45:02.6
98857,1.69574E+11,OXFORD UNIVERSITY PRESS,CLE,7,100_day,56:28.6
98858,2.62844E+12,ENGLISH PUBLICATIONS,MCO,7,80_day,38:51.6
98859,7.43841E+12,ENGLISH PUBLICATIONS,SEA,8,110_day,32:53.6
98860,6.27314E+12,ENGLISH PUBLICATIONS,MIA,6,150_day,59:53.6
98861,1.74765E+12,PENGUIN RANDOMHOUSE,IAD,2,160_day,04:55.6
98862,7.32063E+12,PENGUIN RANDOMHOUSE,LAX,1,150_day,02:49.6
98863,5.68287E+12,PENGUIN RANDOMHOUSE,RDU,3,60_day,37:00.6
98864,9.02041E+12,MACMILLAN,RDU,10,10_day,40:03.6
98865,8.76507E+12,MCGRAW-HILL,SAN,8,170_day,35:10.6
98866,3.20563E+12,ENGLISH PUBLICATIONS,DEN,6,20_day,52:16.6
98867,8.25094E+12,OPENSTAX,LAX,3,70_day,36:34.6
98868,8.44903E+12,OXFORD UNIVERSITY PRESS,DTW,8,180_day,12:18.6
98869,7.61485E+12,MACMILLAN,DFW,9,20_day,48:53.6
98870,6.04253E+12,ENGLISH PUBLICATIONS,STL,4,130_day,21:10.6
98871,7.15368E+12,PENGUIN RANDOMHOUSE,IAH,3,140_day,21:39.6
98872,4.0089E+12,ENGLISH PUBLICATIONS,DEN,10,20_day,46:49.6
98873,8.88403E+11,MACMILLAN,OAK,3,50_day,18:01.6
98874,3.17848E+12,SCIPUB,AUS,6,0_day,59:49.6
98875,4.04997E+12,MACMILLAN,SAN,6,100_day,31:02.6
98876,7.4858E+12,SCIPUB,STL,8,20_day,33:09.6
98877,5.37104E+12,PEARSON,IAH,8,170_day,13:22.6
98878,4.06117E+12,MCGRAW-HILL,LAS,3,30_day,14:06.6
98879,8.8782E+12,SCIPUB,TPA,9,50_day,27:59.6
98880,7.89966E+12,MCGRAW-HILL,SEA,3,60_day,47:41.6
98881,7.38826E+11,MACMILLAN,EWR,2,30_day,03:02.6
98882,7.80586E+11,SCIPUB,BOS,3,60_day,55:55.6
98883,2.35258E+12,PENGUIN RANDOMHOUSE,HNL,10,0_day,00:02.6
98884,8.59824E+12,PEARSON,IAH,2,20_day,46:44.6
98885,7.75635E+12,SCIPUB,MSP,6,30_day,59:52.6
98886,6.92145E+12,SCIPUB,AUS,3,140_day,23:06.6
98887,7.21354E+12,PEARSON,MDW,9,40_day,38:07.6
98888,5.32835E+12,OPENSTAX,SEA,2,60_day,31:25.6
98889,4.78715E+12,OXFORD UNIVERSITY PRESS,JFK,5,170_day,27:20.6
98890,7.47044E+12,OXFORD UNIVERSITY PRESS,DFW,8,140_day,20:33.6
98891,6.27855E+12,OXFORD UNIVERSITY PRESS,MIA,9,180_day,41:55.6
98892,5.67152E+12,MCGRAW-HILL,MCO,8,100_day,54:32.6
98893,2.50427E+12,MCGRAW-HILL,MCO,4,60_day,53:16.6
98894,5.52049E+12,MCGRAW-HILL,BWI,7,120_day,25:56.6
98895,4.98459E+12,ENGLISH PUBLICATIONS,FLL,2,110_day,20:51.6
98896,3.19776E+12,PENGUIN RANDOMHOUSE,DEN,6,50_day,16:52.6
98897,6.969E+12,MCGRAW-HILL,ATL,8,150_day,42:32.6
98898,2.03882E+12,SCIPUB,MIA,1,180_day,28:29.6
98899,4.20748E+12,PENGUIN RANDOMHOUSE,TPA,3,0_day,54:33.6
98900,6.89088E+12,OXFORD UNIVERSITY PRESS,IAD,10,140_day,51:48.6
98901,9.35439E+12,OXFORD UNIVERSITY PRESS,DFW,8,100_day,20:56.6
98902,8.44586E+12,PENGUIN RANDOMHOUSE,DTW,2,70_day,14:07.6
98903,3.1973E+12,PENGUIN RANDOMHOUSE,EWR,7,170_day,42:49.6
98904,4.92156E+12,MCGRAW-HILL,IAD,5,140_day,35:26.6
98905,7.67828E+12,OXFORD UNIVERSITY PRESS,SMF,7,150_day,22:30.6
98906,7.52942E+12,PEARSON,JFK,9,20_day,40:44.6
98907,4.06788E+11,OPENSTAX,PDX,3,80_day,52:26.6
98908,2.17042E+12,PEARSON,DCA,9,20_day,00:03.6
98909,5.3427E+12,SCIPUB,CLE,7,90_day,00:51.6
98910,8.91563E+12,PEARSON,LGA,3,130_day,04:08.6
98911,9.08209E+12,PEARSON,IAD,9,80_day,18:21.6
98912,9.70366E+12,ENGLISH PUBLICATIONS,SLC,7,110_day,05:25.6
98913,7.5348E+12,PEARSON,SNA,7,150_day,03:29.6
98914,8.59027E+12,PEARSON,SFO,3,80_day,00:58.6
98915,6.88901E+12,MACMILLAN,CLE,5,80_day,42:03.6
98916,9.42212E+12,MACMILLAN,TPA,2,180_day,33:23.6
98917,6.51067E+12,ENGLISH PUBLICATIONS,MIA,1,130_day,54:06.6
98918,2.77438E+12,OPENSTAX,PHL,1,180_day,16:29.6
98919,9.88334E+12,OXFORD UNIVERSITY PRESS,CLT,9,0_day,55:17.6
98920,8.05776E+12,OPENSTAX,CLT,8,170_day,42:58.6
98921,5.4911E+12,MCGRAW-HILL,BOS,6,60_day,09:08.6
98922,2.62266E+12,OPENSTAX,MSP,9,30_day,41:22.6
98923,8.89044E+12,PENGUIN RANDOMHOUSE,DFW,2,130_day,25:59.6
98924,4.33358E+12,PENGUIN RANDOMHOUSE,SFO,8,130_day,50:11.6
98925,3.356E+12,ENGLISH PUBLICATIONS,DCA,8,30_day,56:12.6
98926,2.58645E+12,MCGRAW-HILL,SMF,6,60_day,11:36.6
98927,2.99887E+11,PENGUIN RANDOMHOUSE,DEN,2,90_day,09:48.6
98928,9.27654E+12,MCGRAW-HILL,TPA,9,50_day,49:51.6
98929,1.42479E+12,OPENSTAX,LGA,3,110_day,02:22.6
98930,5.33159E+12,PENGUIN RANDOMHOUSE,SNA,6,100_day,55:38.6
98931,2.7849E+11,ENGLISH PUBLICATIONS,MIA,6,90_day,29:16.6
98932,9.18716E+11,MACMILLAN,RDU,8,10_day,25:11.6
98933,6.77111E+12,SCIPUB,EWR,5,40_day,28:16.6
98934,9.6888E+12,PEARSON,DTW,1,90_day,30:45.6
98935,7.92428E+12,SCIPUB,AUS,1,20_day,19:49.6
98936,2.91147E+12,SCIPUB,HOU,3,160_day,21:45.6
98937,2.51276E+12,OXFORD UNIVERSITY PRESS,DCA,7,180_day,50:33.6
98938,8.50626E+12,PENGUIN RANDOMHOUSE,BNA,4,60_day,25:42.6
98939,6.32542E+12,ENGLISH PUBLICATIONS,CLT,3,160_day,54:38.6
98940,3.09761E+11,PENGUIN RANDOMHOUSE,OAK,6,90_day,49:54.6
98941,8.8811E+12,MACMILLAN,AUS,8,40_day,42:29.6
98942,4.56118E+11,PENGUIN RANDOMHOUSE,SLC,10,140_day,09:03.6
98943,1.80296E+12,MCGRAW-HILL,SNA,3,70_day,07:54.6
98944,1.69143E+12,MACMILLAN,PDX,4,0_day,35:24.6
98945,9.5131E+12,OPENSTAX,PHX,8,100_day,28:33.6
98946,4.48844E+12,SCIPUB,IAD,8,40_day,08:00.6
98947,5.26878E+11,SCIPUB,HNL,6,80_day,43:43.6
98948,9.33802E+12,ENGLISH PUBLICATIONS,BWI,6,70_day,41:25.6
98949,9.91704E+12,SCIPUB,AUS,2,90_day,14:48.6
98950,1.32058E+12,MACMILLAN,DCA,8,160_day,54:23.6
98951,1.6681E+12,MACMILLAN,BOS,4,20_day,11:24.6
98952,8.05239E+12,PENGUIN RANDOMHOUSE,LGA,5,160_day,52:54.6
98953,2.32049E+12,OXFORD UNIVERSITY PRESS,SMF,10,40_day,11:11.6
98954,4.96082E+12,ENGLISH PUBLICATIONS,MSP,6,50_day,26:03.6
98955,2.25838E+12,OPENSTAX,EWR,3,180_day,21:19.6
98956,3.24996E+12,OPENSTAX,MIA,1,70_day,21:49.6
98957,7.84084E+12,MCGRAW-HILL,RDU,6,180_day,02:24.6
98958,9.73327E+12,ENGLISH PUBLICATIONS,SFO,1,180_day,21:47.6
98959,1.21473E+12,OXFORD UNIVERSITY PRESS,LAX,3,120_day,16:30.6
98960,5.21556E+12,ENGLISH PUBLICATIONS,DCA,9,120_day,36:38.6
98961,6.48501E+12,SCIPUB,DEN,7,0_day,59:56.6
98962,9.06832E+11,OPENSTAX,PHL,10,140_day,42:44.6
98963,2.865E+11,OXFORD UNIVERSITY PRESS,RDU,3,0_day,35:55.6
98964,8.60621E+12,PENGUIN RANDOMHOUSE,JFK,3,80_day,20:03.6
98965,6.97667E+12,OPENSTAX,EWR,6,160_day,56:43.6
98966,6.29871E+12,MCGRAW-HILL,SAN,1,150_day,35:29.6
98967,9.60771E+12,MCGRAW-HILL,SMF,2,50_day,39:24.6
98968,2.93544E+12,PENGUIN RANDOMHOUSE,HOU,10,40_day,38:25.6
98969,8.88791E+12,OXFORD UNIVERSITY PRESS,STL,6,160_day,43:33.6
98970,3.66839E+12,PEARSON,CLT,4,180_day,45:10.6
98971,3.85328E+12,MCGRAW-HILL,SLC,3,80_day,07:09.6
98972,8.74726E+12,PENGUIN RANDOMHOUSE,CLE,5,150_day,07:10.6
98973,9.32095E+12,MACMILLAN,DFW,1,180_day,11:25.6
98974,1.4786E+12,SCIPUB,MIA,9,50_day,13:02.6
98975,2.65989E+12,PEARSON,OAK,7,180_day,06:43.6
98976,6.95495E+12,OXFORD UNIVERSITY PRESS,HOU,5,20_day,36:44.6
98977,7.67267E+12,OXFORD UNIVERSITY PRESS,JFK,1,180_day,08:57.6
98978,2.92275E+12,PENGUIN RANDOMHOUSE,FLL,7,140_day,17:03.6
98979,4.23854E+12,PENGUIN RANDOMHOUSE,TPA,10,10_day,35:35.6
98980,87480869232,PENGUIN RANDOMHOUSE,LGA,8,60_day,03:52.6
98981,9.73856E+11,OXFORD UNIVERSITY PRESS,MIA,2,20_day,46:36.6
98982,9.80081E+11,MACMILLAN,JFK,5,20_day,36:53.6
98983,3.11836E+11,OXFORD UNIVERSITY PRESS,SNA,6,20_day,35:57.6
98984,4.11083E+12,SCIPUB,CLT,3,70_day,37:25.6
98985,4.69852E+12,OPENSTAX,IAD,2,50_day,09:59.6
98986,8.90973E+12,PEARSON,DTW,8,70_day,28:52.6
98987,7.72215E+12,ENGLISH PUBLICATIONS,ORD,6,150_day,55:53.6
98988,4.84513E+12,SCIPUB,DEN,7,20_day,53:17.6
98989,3.36747E+12,OXFORD UNIVERSITY PRESS,LAS,6,130_day,18:45.6
98990,9.83107E+12,MCGRAW-HILL,IAD,8,50_day,40:42.6
98991,8.66708E+12,OPENSTAX,DFW,1,90_day,06:08.6
98992,7.69531E+11,PEARSON,SFO,2,60_day,34:49.6
98993,7.03949E+12,ENGLISH PUBLICATIONS,LAX,10,20_day,43:26.6
98994,6.86031E+12,SCIPUB,PHX,2,140_day,13:26.6
98995,9.22633E+12,PEARSON,MSP,4,0_day,05:14.6
98996,9.7788E+12,PEARSON,RDU,5,20_day,30:55.6
98997,7.29401E+12,SCIPUB,STL,8,140_day,06:09.6
98998,7.19652E+12,MCGRAW-HILL,MSP,5,150_day,25:58.6
98999,9.39973E+12,MCGRAW-HILL,STL,6,20_day,49:34.6
99000,2.86497E+12,MACMILLAN,HNL,5,90_day,27:51.6
99001,7.00452E+11,ENGLISH PUBLICATIONS,STL,2,70_day,26:59.6
99002,3.16668E+11,MCGRAW-HILL,SFO,8,180_day,12:57.6
99003,3.38378E+12,SCIPUB,ATL,1,150_day,48:33.6
99004,1.70913E+12,OXFORD UNIVERSITY PRESS,SEA,2,80_day,06:13.6
99005,81579275525,OPENSTAX,PDX,8,170_day,21:51.6
99006,9.62641E+12,SCIPUB,LAS,3,50_day,52:55.6
99007,4.23595E+11,OXFORD UNIVERSITY PRESS,MDW,1,90_day,52:23.6
99008,4.98501E+12,OXFORD UNIVERSITY PRESS,MCI,10,70_day,32:47.6
99009,4.28406E+12,OPENSTAX,LGA,1,60_day,31:01.6
99010,5.40746E+12,PEARSON,SLC,1,40_day,30:28.6
99011,8.02394E+12,PEARSON,LGA,4,150_day,09:53.6
99012,5.36298E+12,MACMILLAN,CLT,6,20_day,30:11.6
99013,5.42578E+12,PEARSON,SNA,10,30_day,49:05.6
99014,5.72174E+12,OXFORD UNIVERSITY PRESS,SMF,10,150_day,18:28.6
99015,7.47682E+12,MCGRAW-HILL,TPA,1,170_day,56:09.6
99016,5.79511E+12,OXFORD UNIVERSITY PRESS,LAS,5,130_day,21:34.6
99017,6.07873E+12,SCIPUB,SNA,9,180_day,03:37.6
99018,8.89646E+12,SCIPUB,CLT,2,160_day,01:24.6
99019,8.46506E+12,MCGRAW-HILL,BNA,7,30_day,33:33.6
99020,6.18459E+12,OXFORD UNIVERSITY PRESS,SMF,2,160_day,41:25.6
99021,8.93111E+12,PENGUIN RANDOMHOUSE,SEA,6,110_day,54:35.6
99022,84615001650,ENGLISH PUBLICATIONS,SAN,4,110_day,22:49.6
99023,8.66905E+12,MACMILLAN,MDW,3,80_day,33:38.6
99024,8.07739E+12,SCIPUB,MSP,3,80_day,06:28.6
99025,2.2939E+12,SCIPUB,MDW,5,10_day,17:16.6
99026,4.66709E+11,OPENSTAX,LAX,6,60_day,31:30.6
99027,4.7193E+12,OPENSTAX,JFK,7,10_day,07:25.6
99028,4.96985E+12,MCGRAW-HILL,SNA,3,160_day,57:15.6
99029,4.0889E+12,ENGLISH PUBLICATIONS,CLT,1,130_day,16:43.6
99030,6.29748E+12,ENGLISH PUBLICATIONS,ORD,4,60_day,48:48.6
99031,8.09865E+12,MCGRAW-HILL,BNA,6,150_day,42:50.6
99032,4.11147E+12,OPENSTAX,PHL,4,60_day,06:20.6
99033,5.40468E+12,SCIPUB,LAX,2,70_day,43:47.6
99034,1.16721E+12,SCIPUB,LAX,4,40_day,30:26.6
99035,1.41781E+12,OXFORD UNIVERSITY PRESS,PHL,4,180_day,39:46.6
99036,3.86797E+12,OXFORD UNIVERSITY PRESS,EWR,1,100_day,54:19.6
99037,1.93463E+12,OXFORD UNIVERSITY PRESS,MDW,10,80_day,42:09.6
99038,3.88335E+12,MCGRAW-HILL,PDX,7,180_day,34:58.6
99039,9.08454E+12,MCGRAW-HILL,DTW,5,180_day,01:43.6
99040,8.67815E+12,MCGRAW-HILL,MCO,5,0_day,38:04.6
99041,2.68195E+12,SCIPUB,CLE,3,40_day,41:51.6
99042,2.06313E+12,MACMILLAN,SAN,5,10_day,49:49.6
99043,8.08928E+12,OPENSTAX,BWI,9,0_day,09:06.6
99044,5.52678E+12,SCIPUB,SEA,7,160_day,30:19.6
99045,5.59318E+12,OPENSTAX,IAD,9,80_day,03:41.6
99046,1.40667E+12,MACMILLAN,LAS,7,50_day,55:30.6
99047,2.60676E+12,OXFORD UNIVERSITY PRESS,SFO,10,50_day,43:18.6
99048,8.40365E+12,PEARSON,EWR,7,100_day,24:51.6
99049,6.58985E+12,ENGLISH PUBLICATIONS,LAS,2,90_day,52:58.6
99050,5.44535E+12,PENGUIN RANDOMHOUSE,CLT,2,140_day,26:41.6
99051,3.72458E+12,OPENSTAX,RDU,10,100_day,19:42.6
99052,4.62351E+12,PEARSON,BNA,10,180_day,07:32.6
99053,8.0307E+12,MACMILLAN,MIA,2,100_day,32:31.6
99054,6.33375E+11,PENGUIN RANDOMHOUSE,AUS,5,20_day,11:08.6
99055,7.11716E+12,ENGLISH PUBLICATIONS,ATL,8,150_day,14:20.6
99056,9.06837E+12,OPENSTAX,RDU,5,80_day,30:38.6
99057,4.00504E+12,MACMILLAN,MSP,9,0_day,13:28.6
99058,6.42115E+12,MCGRAW-HILL,PHX,3,130_day,30:34.6
99059,6.42181E+12,PENGUIN RANDOMHOUSE,ORD,2,60_day,56:47.6
99060,8.16098E+12,MCGRAW-HILL,ATL,8,110_day,27:39.6
99061,7.91639E+12,ENGLISH PUBLICATIONS,IAD,2,90_day,50:38.6
99062,5.74183E+12,OPENSTAX,LAS,2,150_day,07:53.6
99063,8.72625E+12,PEARSON,CLT,4,30_day,20:34.6
99064,9.56006E+12,MACMILLAN,HNL,1,80_day,42:53.6
99065,5.34741E+12,ENGLISH PUBLICATIONS,STL,6,70_day,13:56.6
99066,3.4343E+12,MCGRAW-HILL,IAH,10,110_day,49:29.6
99067,1.43721E+12,MACMILLAN,PHX,1,130_day,44:32.6
99068,5.16148E+12,ENGLISH PUBLICATIONS,LAX,8,70_day,55:34.6
99069,7.42952E+12,PEARSON,LAX,2,10_day,21:59.6
99070,6.36067E+12,OPENSTAX,DTW,2,40_day,44:51.6
99071,8.08463E+12,OXFORD UNIVERSITY PRESS,DEN,3,50_day,58:46.6
99072,4.47697E+12,MACMILLAN,PHL,8,70_day,10:26.6
99073,6.99545E+12,OPENSTAX,SNA,7,90_day,59:29.6
99074,9.28707E+12,MACMILLAN,DTW,2,110_day,05:32.6
99075,8.95001E+12,ENGLISH PUBLICATIONS,DCA,1,0_day,42:48.6
99076,4.72451E+12,OXFORD UNIVERSITY PRESS,MDW,10,170_day,16:21.6
99077,7.70703E+12,MACMILLAN,ATL,7,50_day,03:41.6
99078,9.50082E+12,MACMILLAN,RDU,6,150_day,09:50.6
99079,8.60782E+12,PEARSON,IAD,8,90_day,40:26.6
99080,4.25675E+12,OPENSTAX,LGA,2,50_day,25:31.6
99081,7.88341E+12,ENGLISH PUBLICATIONS,DFW,7,150_day,39:54.6
99082,4.1918E+12,MCGRAW-HILL,MDW,1,20_day,23:59.6
99083,3.57902E+12,OPENSTAX,CLT,9,10_day,02:07.6
99084,5.07275E+12,SCIPUB,SNA,8,40_day,29:43.6
99085,6.88134E+12,ENGLISH PUBLICATIONS,MCI,6,140_day,26:39.6
99086,5.8638E+12,PEARSON,IAH,9,30_day,40:31.6
99087,8.01118E+12,OXFORD UNIVERSITY PRESS,STL,6,50_day,32:20.6
99088,7.25771E+11,MACMILLAN,BWI,9,180_day,32:41.6
99089,4.08396E+12,ENGLISH PUBLICATIONS,LAS,9,70_day,16:44.6
99090,9.16381E+12,MCGRAW-HILL,FLL,10,90_day,19:33.6
99091,6.82082E+12,MCGRAW-HILL,JFK,5,10_day,24:14.6
99092,3.70289E+12,SCIPUB,CLE,7,170_day,51:57.6
99093,2.00096E+12,PENGUIN RANDOMHOUSE,MIA,1,70_day,51:23.6
99094,3.57853E+11,PENGUIN RANDOMHOUSE,IAD,1,100_day,53:13.6
99095,2.89186E+12,SCIPUB,DCA,1,150_day,25:49.6
99096,3.24654E+12,PENGUIN RANDOMHOUSE,IAH,1,160_day,38:02.6
99097,3.08167E+12,PENGUIN RANDOMHOUSE,MDW,7,100_day,27:40.6
99098,7.16334E+12,OPENSTAX,OAK,8,120_day,35:41.6
99099,5.40344E+12,OXFORD UNIVERSITY PRESS,JFK,10,50_day,03:00.6
99100,5.87939E+12,ENGLISH PUBLICATIONS,MIA,8,70_day,31:29.6
99101,5.39114E+12,MCGRAW-HILL,ORD,9,40_day,07:25.6
99102,8.47882E+12,OXFORD UNIVERSITY PRESS,MSP,4,60_day,43:07.6
99103,8.30283E+12,OPENSTAX,TPA,6,140_day,37:56.6
99104,7.30499E+12,ENGLISH PUBLICATIONS,DCA,9,0_day,06:30.6
99105,8.40535E+12,MACMILLAN,PHX,1,60_day,49:53.6
99106,1.62731E+12,PEARSON,ATL,1,50_day,20:53.6
99107,8.97194E+12,MACMILLAN,OAK,1,150_day,48:06.6
99108,5.11619E+12,PEARSON,DFW,6,90_day,46:47.6
99109,4.9186E+12,OXFORD UNIVERSITY PRESS,RDU,5,140_day,40:38.6
99110,3.64569E+12,PENGUIN RANDOMHOUSE,BOS,4,90_day,24:59.6
99111,8.07282E+12,MCGRAW-HILL,ORD,5,60_day,50:58.6
99112,5.888E+12,MACMILLAN,CLT,10,130_day,56:12.6
99113,9.07342E+12,PEARSON,DCA,10,40_day,57:40.6
99114,8.12217E+12,ENGLISH PUBLICATIONS,PHL,2,170_day,40:40.6
99115,3.46979E+12,ENGLISH PUBLICATIONS,STL,7,70_day,55:29.6
99116,3.72212E+12,PENGUIN RANDOMHOUSE,JFK,6,110_day,27:55.6
99117,3.85698E+12,SCIPUB,MCI,2,150_day,17:32.6
99118,1.89449E+12,MCGRAW-HILL,FLL,10,50_day,42:27.6
99119,6.34872E+12,OXFORD UNIVERSITY PRESS,HOU,4,50_day,13:05.6
99120,3.20733E+12,MACMILLAN,SLC,2,140_day,16:25.6
99121,6.16245E+11,SCIPUB,SAN,3,60_day,42:34.6
99122,5.73538E+12,PEARSON,SLC,5,180_day,44:52.6
99123,4.9063E+12,OPENSTAX,MSP,6,100_day,40:58.6
99124,2.90066E+12,OPENSTAX,BNA,4,150_day,15:06.6
99125,3.69378E+12,MACMILLAN,DEN,2,130_day,24:33.6
99126,5.39527E+12,ENGLISH PUBLICATIONS,OAK,7,160_day,42:36.6
99127,4.50972E+12,MCGRAW-HILL,IAH,6,40_day,00:15.6
99128,6.23122E+12,MACMILLAN,FLL,1,160_day,04:23.6
99129,2.39464E+12,MACMILLAN,BNA,8,150_day,02:11.6
99130,6.67509E+11,OXFORD UNIVERSITY PRESS,STL,5,100_day,08:47.6
99131,1.62584E+12,OXFORD UNIVERSITY PRESS,FLL,8,70_day,58:09.6
99132,8.73218E+12,PEARSON,HNL,6,180_day,25:41.6
99133,4.00241E+12,MACMILLAN,SMF,1,140_day,30:28.6
99134,9.17523E+12,OXFORD UNIVERSITY PRESS,OAK,9,90_day,53:23.6
99135,8.41149E+12,OPENSTAX,HNL,7,30_day,16:33.6
99136,9.9211E+12,PEARSON,MIA,5,30_day,42:32.6
99137,2.15563E+12,ENGLISH PUBLICATIONS,SFO,4,70_day,35:22.6
99138,1.04048E+12,OPENSTAX,SLC,10,70_day,34:43.6
99139,4.94926E+12,PENGUIN RANDOMHOUSE,DTW,1,0_day,59:29.6
99140,3.29685E+12,ENGLISH PUBLICATIONS,SLC,4,170_day,01:19.6
99141,6.77897E+12,OPENSTAX,MCI,2,120_day,57:03.6
99142,6.45513E+12,MCGRAW-HILL,SNA,7,180_day,25:22.6
99143,9.78366E+12,PENGUIN RANDOMHOUSE,ATL,6,180_day,28:28.6
99144,5.73983E+12,PENGUIN RANDOMHOUSE,CLT,9,100_day,37:09.6
99145,9.26889E+11,MCGRAW-HILL,PHX,6,30_day,52:41.6
99146,8.21049E+12,OPENSTAX,FLL,4,150_day,07:34.6
99147,1.784E+12,PEARSON,BOS,6,120_day,34:31.6
99148,3.25911E+12,ENGLISH PUBLICATIONS,CLE,3,40_day,36:59.6
99149,6.71436E+12,OPENSTAX,SLC,7,110_day,19:28.6
99150,9.90529E+12,MACMILLAN,LAS,10,160_day,31:40.6
99151,6.97097E+12,OPENSTAX,MIA,6,50_day,18:49.6
99152,2.71377E+11,ENGLISH PUBLICATIONS,FLL,1,150_day,09:49.6
99153,5.80844E+12,OPENSTAX,AUS,4,70_day,34:38.6
99154,3.45813E+12,SCIPUB,CLE,10,10_day,18:22.6
99155,4.66248E+12,ENGLISH PUBLICATIONS,MCO,8,160_day,20:41.6
99156,2.16153E+12,SCIPUB,BOS,5,10_day,16:38.6
99157,8.50718E+12,PENGUIN RANDOMHOUSE,MCO,9,70_day,33:52.6
99158,9.50698E+12,OPENSTAX,MCO,5,170_day,16:06.6
99159,8.38282E+12,ENGLISH PUBLICATIONS,MIA,1,40_day,36:26.6
99160,4.71962E+12,PENGUIN RANDOMHOUSE,PHX,1,10_day,53:34.6
99161,4.03385E+12,PEARSON,PHL,4,0_day,41:05.6
99162,1.15078E+12,OXFORD UNIVERSITY PRESS,AUS,4,80_day,33:13.6
99163,2.67198E+12,MCGRAW-HILL,BWI,3,100_day,43:52.6
99164,3.45549E+12,OXFORD UNIVERSITY PRESS,DCA,9,120_day,42:15.6
99165,5.44211E+12,ENGLISH PUBLICATIONS,BNA,9,110_day,17:29.6
99166,1.47021E+12,OXFORD UNIVERSITY PRESS,SFO,7,0_day,17:21.6
99167,3.17975E+12,MCGRAW-HILL,LAX,9,130_day,35:39.6
99168,8.05003E+12,PEARSON,SLC,6,180_day,11:29.6
99169,4.07183E+12,ENGLISH PUBLICATIONS,IAH,3,140_day,00:13.6
99170,3.49587E+12,MCGRAW-HILL,BNA,4,120_day,12:26.6
99171,5.088E+12,OPENSTAX,CLE,6,30_day,21:59.6
99172,5.26735E+12,MCGRAW-HILL,SFO,8,20_day,42:18.6
99173,7.77602E+11,MACMILLAN,SFO,10,120_day,29:04.6
99174,2.42608E+11,ENGLISH PUBLICATIONS,MCO,8,110_day,42:34.6
99175,7.76494E+12,SCIPUB,DTW,6,40_day,57:43.6
99176,2.8795E+12,OXFORD UNIVERSITY PRESS,DCA,6,180_day,59:37.6
99177,2.92172E+12,OPENSTAX,MSP,5,140_day,06:55.6
99178,3.77117E+12,MCGRAW-HILL,AUS,6,170_day,59:13.6
99179,3.68981E+12,MCGRAW-HILL,JFK,5,30_day,09:43.6
99180,6.33842E+12,PENGUIN RANDOMHOUSE,RDU,2,80_day,34:54.6
99181,7.55733E+12,SCIPUB,MSP,6,150_day,18:57.6
99182,4.71167E+12,OPENSTAX,BWI,9,90_day,02:47.6
99183,4.6354E+12,PENGUIN RANDOMHOUSE,DTW,1,120_day,16:00.6
99184,4.16106E+12,MACMILLAN,DFW,4,160_day,56:47.6
99185,7.74378E+12,MACMILLAN,SAN,1,120_day,21:49.6
99186,3.86848E+12,SCIPUB,MIA,10,130_day,19:10.6
99187,3.48845E+12,OXFORD UNIVERSITY PRESS,SFO,10,40_day,56:01.6
99188,9.26453E+12,ENGLISH PUBLICATIONS,BWI,2,180_day,38:27.6
99189,1.2687E+12,ENGLISH PUBLICATIONS,HOU,5,10_day,34:50.6
99190,2.97113E+12,PENGUIN RANDOMHOUSE,BOS,6,60_day,09:04.6
99191,7.84854E+12,PENGUIN RANDOMHOUSE,MIA,4,30_day,01:19.6
99192,4.88281E+12,PENGUIN RANDOMHOUSE,LAS,7,60_day,55:21.6
99193,7.74211E+12,MCGRAW-HILL,MDW,3,10_day,45:40.6
99194,9.20021E+11,PENGUIN RANDOMHOUSE,PDX,5,110_day,53:01.6
99195,2.4995E+12,MCGRAW-HILL,SFO,10,50_day,00:51.6
99196,2.87846E+12,SCIPUB,DFW,8,110_day,10:38.6
99197,1.73392E+12,ENGLISH PUBLICATIONS,JFK,9,50_day,13:40.6
99198,9.01342E+12,OXFORD UNIVERSITY PRESS,AUS,3,110_day,48:15.6
99199,4.22354E+12,ENGLISH PUBLICATIONS,MSP,5,90_day,49:01.6
99200,7.70721E+12,MACMILLAN,BWI,10,20_day,10:10.6
99201,8.83081E+12,OXFORD UNIVERSITY PRESS,HNL,10,20_day,32:40.6
99202,7.13729E+12,MCGRAW-HILL,JFK,8,120_day,50:54.6
99203,1.40298E+12,PENGUIN RANDOMHOUSE,SMF,8,60_day,50:09.6
99204,6.10973E+12,OPENSTAX,PHL,10,180_day,26:23.6
99205,6.38353E+12,OPENSTAX,ATL,2,130_day,17:52.6
99206,5.52805E+12,MACMILLAN,SLC,8,10_day,15:28.6
99207,1.01246E+12,OXFORD UNIVERSITY PRESS,RDU,2,110_day,38:02.6
99208,6.71317E+12,MACMILLAN,CLT,7,80_day,29:49.6
99209,7.81061E+12,PENGUIN RANDOMHOUSE,STL,4,90_day,45:42.6
99210,6.47818E+12,ENGLISH PUBLICATIONS,AUS,7,80_day,00:38.6
99211,5.13112E+11,SCIPUB,OAK,3,0_day,17:52.6
99212,6.68494E+12,SCIPUB,SLC,10,150_day,09:41.6
99213,9.17596E+12,PENGUIN RANDOMHOUSE,SEA,2,60_day,18:16.6
99214,2.04333E+12,OXFORD UNIVERSITY PRESS,MDW,10,110_day,24:56.6
99215,9.90889E+12,PENGUIN RANDOMHOUSE,HOU,10,180_day,02:02.6
99216,9.65484E+11,PEARSON,MCO,1,170_day,35:02.6
99217,6.68346E+12,OXFORD UNIVERSITY PRESS,IAD,1,100_day,43:33.6
99218,1.55329E+12,MCGRAW-HILL,MDW,8,50_day,34:02.6
99219,9.80992E+11,OXFORD UNIVERSITY PRESS,MIA,5,160_day,20:45.6
99220,4.718E+12,ENGLISH PUBLICATIONS,HOU,3,20_day,27:17.6
99221,4.4384E+11,MCGRAW-HILL,PHX,3,50_day,17:32.6
99222,3.91206E+12,OPENSTAX,RDU,5,40_day,59:21.6
99223,8.08283E+12,SCIPUB,STL,6,120_day,18:34.6
99224,9.6742E+11,OPENSTAX,JFK,8,30_day,34:16.6
99225,9.06256E+12,SCIPUB,MCO,5,100_day,53:50.6
99226,9.34744E+12,PEARSON,IAH,9,140_day,41:21.6
99227,7.93459E+12,MCGRAW-HILL,PHL,6,80_day,54:33.6
99228,2.34915E+12,ENGLISH PUBLICATIONS,DEN,8,170_day,58:46.6
99229,8.54618E+12,PENGUIN RANDOMHOUSE,PHX,10,100_day,26:57.6
99230,3.23004E+12,OXFORD UNIVERSITY PRESS,SNA,2,170_day,58:41.6
99231,3.91658E+12,OXFORD UNIVERSITY PRESS,DTW,6,0_day,33:19.6
99232,6.38667E+12,OXFORD UNIVERSITY PRESS,SMF,9,0_day,10:47.6
99233,2.94198E+12,MCGRAW-HILL,FLL,7,120_day,00:16.6
99234,3.08396E+11,MACMILLAN,SLC,4,80_day,00:34.6
99235,9.32455E+12,OXFORD UNIVERSITY PRESS,SMF,10,160_day,09:27.6
99236,4.91963E+12,PEARSON,IAH,4,160_day,37:39.6
99237,1.22869E+12,SCIPUB,ORD,5,50_day,31:31.6
99238,3.96855E+12,ENGLISH PUBLICATIONS,CLT,1,140_day,30:01.6
99239,1.83702E+12,MACMILLAN,DFW,1,120_day,29:16.6
99240,1.71309E+12,MACMILLAN,HOU,10,100_day,36:17.6
99241,9.96187E+12,ENGLISH PUBLICATIONS,PHX,8,30_day,09:13.6
99242,3.3264E+12,ENGLISH PUBLICATIONS,DFW,6,130_day,16:37.6
99243,9.53158E+12,PEARSON,IAD,5,70_day,50:22.6
99244,7.71451E+12,PEARSON,SFO,9,140_day,10:40.6
99245,3.34853E+12,OPENSTAX,MCO,2,30_day,30:06.6
99246,8.93711E+12,SCIPUB,BWI,1,30_day,33:31.6
99247,6.31833E+12,PEARSON,FLL,2,120_day,25:41.6
99248,2.18382E+12,PEARSON,MCO,5,90_day,24:37.6
99249,7.22072E+12,OXFORD UNIVERSITY PRESS,DTW,3,120_day,18:52.6
99250,2.09977E+12,MCGRAW-HILL,RDU,6,60_day,41:54.6
99251,4.32024E+12,ENGLISH PUBLICATIONS,HOU,8,140_day,21:28.6
99252,4.68012E+12,OXFORD UNIVERSITY PRESS,LAS,2,50_day,07:38.6
99253,7.30413E+12,SCIPUB,DTW,8,0_day,45:49.6
99254,2.23215E+12,OPENSTAX,MCO,7,140_day,43:11.6
99255,5.03471E+12,OXFORD UNIVERSITY PRESS,SMF,5,80_day,22:22.6
99256,1.47822E+12,SCIPUB,FLL,1,120_day,09:08.6
99257,8.38319E+12,MACMILLAN,SMF,3,0_day,05:45.6
99258,4.44688E+12,PEARSON,DCA,4,160_day,00:54.6
99259,7.55134E+12,MCGRAW-HILL,CLE,10,40_day,39:57.6
99260,5.63756E+12,SCIPUB,IAD,5,140_day,13:30.6
99261,5.22748E+12,OXFORD UNIVERSITY PRESS,SMF,10,30_day,31:41.6
99262,8.19001E+12,OXFORD UNIVERSITY PRESS,SNA,9,150_day,38:07.6
99263,4.61625E+11,SCIPUB,SNA,1,30_day,30:47.6
99264,2.7478E+12,PEARSON,MDW,1,20_day,47:16.6
99265,4.35634E+12,OPENSTAX,SLC,4,100_day,38:56.6
99266,3.23426E+12,PENGUIN RANDOMHOUSE,EWR,6,0_day,25:05.6
99267,3.52936E+12,SCIPUB,HOU,7,0_day,26:45.6
99268,6.37705E+11,SCIPUB,STL,9,120_day,55:47.6
99269,4.70151E+12,MACMILLAN,DTW,4,180_day,19:00.6
99270,8.58547E+12,SCIPUB,DTW,8,140_day,31:28.6
99271,3.80931E+12,SCIPUB,SLC,6,130_day,24:45.6
99272,5.23741E+12,MACMILLAN,MIA,6,120_day,17:55.6
99273,9.50434E+12,ENGLISH PUBLICATIONS,MSP,10,90_day,32:49.6
99274,2.87418E+12,ENGLISH PUBLICATIONS,DCA,2,180_day,38:17.6
99275,4.18684E+12,SCIPUB,SNA,5,100_day,31:30.6
99276,7.74571E+12,OXFORD UNIVERSITY PRESS,SNA,4,140_day,17:04.6
99277,1.46897E+12,OPENSTAX,PHX,9,0_day,43:22.6
99278,8.0185E+12,OPENSTAX,OAK,10,50_day,47:44.6
99279,4.41349E+12,OXFORD UNIVERSITY PRESS,MIA,1,100_day,53:48.6
99280,3.66044E+12,OPENSTAX,IAD,7,80_day,57:05.6
99281,5.31839E+12,OXFORD UNIVERSITY PRESS,BNA,1,70_day,36:01.6
99282,2.12639E+12,OPENSTAX,MCO,8,70_day,20:16.6
99283,2.06849E+12,PENGUIN RANDOMHOUSE,SFO,10,50_day,24:46.6
99284,2.93862E+12,MACMILLAN,BOS,9,150_day,10:40.6
99285,5.90794E+12,MCGRAW-HILL,SLC,6,50_day,26:51.6
99286,4.79383E+12,MACMILLAN,BOS,8,50_day,21:41.6
99287,7.30994E+12,PEARSON,MIA,8,110_day,05:49.6
99288,5.68847E+12,PEARSON,TPA,3,10_day,24:33.6
99289,1.06011E+12,PEARSON,RDU,7,160_day,43:00.6
99290,2.56886E+12,SCIPUB,RDU,1,170_day,35:05.6
99291,2.7776E+12,OXFORD UNIVERSITY PRESS,MSP,8,0_day,19:48.6
99292,3.72478E+12,SCIPUB,TPA,7,20_day,31:22.6
99293,8.70208E+12,PENGUIN RANDOMHOUSE,MIA,1,160_day,41:24.6
99294,1.07762E+12,PEARSON,IAD,6,160_day,13:46.6
99295,8.0108E+12,MACMILLAN,STL,2,90_day,52:58.6
99296,5.79248E+12,MACMILLAN,AUS,2,170_day,53:22.6
99297,3.12428E+12,PENGUIN RANDOMHOUSE,ATL,7,80_day,53:56.6
99298,8.44063E+12,OXFORD UNIVERSITY PRESS,MDW,10,50_day,54:19.6
99299,9.36812E+12,MACMILLAN,DFW,4,90_day,37:23.6
99300,1.8271E+12,MCGRAW-HILL,PHX,1,150_day,49:25.6
99301,2.36611E+12,MACMILLAN,DFW,1,120_day,52:50.6
99302,3.66402E+12,SCIPUB,ATL,5,80_day,35:26.6
99303,6.61255E+11,ENGLISH PUBLICATIONS,CLE,10,180_day,57:47.6
99304,5.84459E+12,MACMILLAN,ORD,2,120_day,28:36.6
99305,1.8584E+11,MACMILLAN,DFW,3,90_day,43:36.6
99306,3.03982E+12,MCGRAW-HILL,IAD,4,130_day,56:27.6
99307,7.48279E+12,MCGRAW-HILL,MCI,6,30_day,03:32.6
99308,6.32297E+12,PEARSON,HNL,6,20_day,57:21.6
99309,8.16303E+12,OXFORD UNIVERSITY PRESS,PDX,3,20_day,19:55.6
99310,6.10465E+12,OXFORD UNIVERSITY PRESS,IAH,3,50_day,27:06.6
99311,3.85836E+12,MACMILLAN,SLC,6,160_day,02:09.6
99312,6.5766E+12,OXFORD UNIVERSITY PRESS,DFW,6,70_day,03:39.6
99313,4.17483E+12,PENGUIN RANDOMHOUSE,PDX,8,70_day,27:06.6
99314,1.13469E+12,OXFORD UNIVERSITY PRESS,DEN,3,180_day,16:35.6
99315,9.14447E+12,PENGUIN RANDOMHOUSE,EWR,6,110_day,48:26.6
99316,2.39864E+12,MCGRAW-HILL,AUS,9,0_day,59:39.6
99317,3.71524E+12,ENGLISH PUBLICATIONS,CLT,7,50_day,53:32.6
99318,8.3535E+12,MCGRAW-HILL,HNL,7,70_day,09:29.6
99319,8.37442E+12,SCIPUB,SEA,6,140_day,50:41.6
99320,2.06424E+12,PENGUIN RANDOMHOUSE,SNA,3,180_day,32:52.6
99321,7.02256E+12,MCGRAW-HILL,SFO,6,50_day,58:58.6
99322,2.94534E+12,PENGUIN RANDOMHOUSE,CLE,5,100_day,37:53.6
99323,4.25251E+11,MCGRAW-HILL,CLT,7,180_day,21:41.6
99324,3.54149E+12,PENGUIN RANDOMHOUSE,TPA,9,70_day,48:01.6
99325,4.18029E+12,MACMILLAN,MCO,4,70_day,50:12.6
99326,6.14973E+12,PEARSON,BNA,9,40_day,25:45.6
99327,9.10989E+12,MCGRAW-HILL,STL,6,150_day,28:26.6
99328,6.38451E+12,MCGRAW-HILL,BOS,2,50_day,16:10.6
99329,8.90208E+12,SCIPUB,CLE,8,170_day,58:46.6
99330,3.94071E+12,PENGUIN RANDOMHOUSE,CLE,5,90_day,48:00.6
99331,2.76299E+12,ENGLISH PUBLICATIONS,SLC,10,60_day,35:49.6
99332,8.76056E+12,ENGLISH PUBLICATIONS,JFK,1,160_day,10:18.6
99333,9.90864E+12,ENGLISH PUBLICATIONS,IAH,4,180_day,39:46.6
99334,7.7329E+12,MCGRAW-HILL,HOU,6,30_day,22:31.6
99335,7.89075E+12,MCGRAW-HILL,JFK,6,100_day,09:49.6
99336,4.6621E+12,OXFORD UNIVERSITY PRESS,OAK,8,10_day,33:12.6
99337,3.0527E+12,MCGRAW-HILL,JFK,4,120_day,51:42.6
99338,7.54613E+12,MCGRAW-HILL,OAK,2,110_day,08:40.6
99339,7.93984E+12,OPENSTAX,SEA,9,10_day,35:06.6
99340,6.38207E+12,OPENSTAX,SFO,10,30_day,28:52.6
99341,8.2508E+12,SCIPUB,MCO,9,10_day,25:23.6
99342,2.21756E+12,MACMILLAN,MCI,10,110_day,00:33.6
99343,8.57979E+12,MCGRAW-HILL,MSP,6,40_day,59:03.6
99344,2.81154E+12,MCGRAW-HILL,CLE,3,180_day,34:48.6
99345,7.7189E+12,MACMILLAN,EWR,4,20_day,17:30.6
99346,2.32034E+12,MACMILLAN,IAD,2,100_day,39:01.6
99347,2.44122E+12,SCIPUB,LAX,7,20_day,16:57.6
99348,8.6087E+11,PEARSON,LAS,3,160_day,47:27.6
99349,4.91648E+12,OPENSTAX,FLL,10,40_day,32:02.6
99350,1.08461E+12,OPENSTAX,PHX,1,40_day,52:18.6
99351,4.48734E+12,OXFORD UNIVERSITY PRESS,AUS,9,20_day,05:43.6
99352,2.3258E+12,SCIPUB,CLE,8,140_day,19:45.6
99353,7.86635E+12,SCIPUB,BOS,7,120_day,27:23.6
99354,7.33934E+11,PEARSON,CLT,1,130_day,23:57.6
99355,6.20374E+12,MACMILLAN,BNA,5,50_day,18:47.6
99356,1.98094E+12,SCIPUB,DTW,10,90_day,20:43.6
99357,6.4685E+12,ENGLISH PUBLICATIONS,SAN,4,60_day,23:54.6
99358,4.84937E+12,PENGUIN RANDOMHOUSE,OAK,10,80_day,39:04.6
99359,62947911827,PEARSON,PDX,7,150_day,32:01.6
99360,8.20574E+12,OPENSTAX,HNL,1,50_day,50:33.6
99361,3.60913E+12,SCIPUB,IAH,1,180_day,58:23.6
99362,4.3366E+12,PENGUIN RANDOMHOUSE,LAX,4,100_day,49:10.6
99363,5.73323E+12,MCGRAW-HILL,PDX,5,140_day,16:21.6
99364,5.05414E+12,MACMILLAN,SMF,1,70_day,32:36.6
99365,2.10464E+12,OPENSTAX,EWR,6,70_day,15:37.6
99366,5.61275E+12,PENGUIN RANDOMHOUSE,STL,4,150_day,24:23.6
99367,6.35966E+12,SCIPUB,SNA,2,90_day,17:34.6
99368,6.86886E+12,SCIPUB,CLE,4,60_day,23:34.6
99369,4.19453E+12,PENGUIN RANDOMHOUSE,MCO,8,20_day,21:40.6
99370,3.99798E+12,ENGLISH PUBLICATIONS,SMF,4,60_day,17:40.6
99371,4.36102E+12,MACMILLAN,BNA,9,90_day,06:29.6
99372,2.08534E+12,PENGUIN RANDOMHOUSE,BWI,4,140_day,42:28.6
99373,8.8368E+12,ENGLISH PUBLICATIONS,HOU,10,20_day,52:43.6
99374,8.27208E+12,OPENSTAX,SFO,9,100_day,01:23.6
99375,7.41464E+12,OPENSTAX,IAD,10,70_day,34:27.6
99376,1.58446E+12,MACMILLAN,BNA,7,40_day,44:15.6
99377,8.66046E+12,PEARSON,JFK,2,40_day,04:03.6
99378,3.24039E+12,PENGUIN RANDOMHOUSE,MDW,1,90_day,23:54.6
99379,4.52026E+12,OXFORD UNIVERSITY PRESS,LAX,10,150_day,34:05.6
99380,2.1715E+12,PENGUIN RANDOMHOUSE,CLE,3,100_day,27:26.6
99381,2.58928E+12,OXFORD UNIVERSITY PRESS,PHX,4,80_day,29:11.6
99382,4.94315E+12,MACMILLAN,MCO,8,160_day,10:37.6
99383,4.71873E+12,PENGUIN RANDOMHOUSE,SNA,7,130_day,38:15.6
99384,3.27529E+12,ENGLISH PUBLICATIONS,STL,3,110_day,18:07.6
99385,2.0113E+11,OXFORD UNIVERSITY PRESS,OAK,3,80_day,17:17.6
99386,7.80788E+12,MCGRAW-HILL,BWI,3,60_day,24:15.6
99387,4.56278E+12,PEARSON,ATL,8,80_day,42:34.6
99388,8.69819E+12,ENGLISH PUBLICATIONS,EWR,7,160_day,41:53.6
99389,6.50939E+12,OPENSTAX,RDU,2,60_day,09:19.6
99390,7.74485E+12,OPENSTAX,SMF,10,120_day,54:30.6
99391,6.6565E+12,MCGRAW-HILL,DFW,9,30_day,00:56.6
99392,5.90963E+12,PENGUIN RANDOMHOUSE,SFO,9,100_day,31:00.6
99393,2.32642E+12,MACMILLAN,SLC,3,160_day,20:38.6
99394,6.27948E+12,MACMILLAN,DTW,6,180_day,05:02.6
99395,3.215E+12,OXFORD UNIVERSITY PRESS,PHX,2,180_day,49:33.6
99396,4.16072E+12,OXFORD UNIVERSITY PRESS,LGA,9,80_day,31:42.6
99397,8.07129E+12,ENGLISH PUBLICATIONS,MSP,7,110_day,56:46.6
99398,9.3325E+12,PEARSON,SFO,10,30_day,55:19.6
99399,8.6089E+11,SCIPUB,SLC,5,170_day,15:28.6
99400,9.13222E+12,PENGUIN RANDOMHOUSE,STL,8,100_day,43:29.6
99401,8.57395E+12,PENGUIN RANDOMHOUSE,HNL,10,0_day,03:58.6
99402,6.57894E+12,MCGRAW-HILL,FLL,6,20_day,51:17.6
99403,9.52367E+12,OPENSTAX,DCA,10,150_day,10:55.6
99404,3.49371E+11,OXFORD UNIVERSITY PRESS,MIA,2,50_day,26:34.6
99405,7.31231E+12,OXFORD UNIVERSITY PRESS,CLE,1,0_day,49:59.6
99406,7.93648E+12,OXFORD UNIVERSITY PRESS,OAK,3,0_day,45:07.6
99407,9.01991E+12,OXFORD UNIVERSITY PRESS,OAK,3,130_day,20:29.6
99408,6.54404E+12,MCGRAW-HILL,SNA,1,20_day,57:09.6
99409,5.70223E+12,PENGUIN RANDOMHOUSE,PHX,2,0_day,17:00.6
99410,3.06697E+12,MACMILLAN,ATL,10,70_day,31:42.6
99411,8.37438E+12,PENGUIN RANDOMHOUSE,DCA,1,30_day,31:01.6
99412,3.70557E+12,MCGRAW-HILL,DEN,10,50_day,37:35.6
99413,9.98386E+12,OPENSTAX,HOU,10,160_day,27:33.6
99414,7.55596E+12,MCGRAW-HILL,MCO,9,40_day,11:46.6
99415,9.65317E+12,SCIPUB,JFK,7,60_day,40:08.6
99416,4.59345E+12,PENGUIN RANDOMHOUSE,LAS,9,70_day,27:53.6
99417,6.26639E+12,MCGRAW-HILL,MDW,7,70_day,37:58.6
99418,5.04511E+12,ENGLISH PUBLICATIONS,CLE,3,160_day,56:18.6
99419,8.87657E+12,ENGLISH PUBLICATIONS,RDU,7,40_day,01:13.6
99420,1.91681E+12,PENGUIN RANDOMHOUSE,ATL,1,0_day,53:35.6
99421,6.90357E+12,PENGUIN RANDOMHOUSE,DEN,4,100_day,47:25.6
99422,6.9464E+12,OXFORD UNIVERSITY PRESS,BWI,4,160_day,00:39.6
99423,5.70565E+12,SCIPUB,SNA,8,170_day,54:34.6
99424,6.40311E+12,OXFORD UNIVERSITY PRESS,PHL,10,80_day,37:02.6
99425,9.99894E+12,ENGLISH PUBLICATIONS,IAD,4,80_day,43:35.6
99426,4.32921E+12,MCGRAW-HILL,MIA,4,100_day,01:59.6
99427,6.76705E+12,OPENSTAX,DTW,3,90_day,45:51.6
99428,5.73189E+12,MACMILLAN,DEN,3,10_day,48:18.6
99429,2.31588E+12,SCIPUB,STL,9,110_day,18:19.6
99430,9.46165E+12,MCGRAW-HILL,SFO,1,20_day,49:07.6
99431,5.90933E+12,SCIPUB,SAN,6,150_day,12:12.6
99432,1.91005E+12,MACMILLAN,FLL,6,160_day,40:19.6
99433,9.69709E+12,MCGRAW-HILL,DTW,5,180_day,00:53.6
99434,3.66408E+12,OXFORD UNIVERSITY PRESS,ORD,8,130_day,23:10.6
99435,1.60856E+12,OXFORD UNIVERSITY PRESS,DEN,10,20_day,11:04.6
99436,5.43593E+12,OXFORD UNIVERSITY PRESS,BNA,10,130_day,24:39.6
99437,2.23291E+12,OXFORD UNIVERSITY PRESS,DEN,9,90_day,10:33.6
99438,7.88633E+12,OXFORD UNIVERSITY PRESS,HNL,6,130_day,56:14.6
99439,9.3211E+12,OPENSTAX,BWI,2,50_day,21:04.6
99440,7.47955E+11,MCGRAW-HILL,SNA,10,110_day,25:52.6
99441,7.28887E+12,PEARSON,HOU,3,150_day,39:50.6
99442,4.48247E+12,PEARSON,IAH,10,60_day,53:06.6
99443,8.6504E+12,OPENSTAX,SFO,6,140_day,55:44.6
99444,4.98627E+12,SCIPUB,CLE,3,180_day,31:49.6
99445,9.10559E+12,PEARSON,SAN,10,10_day,43:19.6
99446,9.8872E+12,SCIPUB,JFK,3,60_day,42:23.6
99447,4.16666E+12,MCGRAW-HILL,SAN,6,100_day,50:21.6
99448,6.15607E+12,MCGRAW-HILL,MSP,8,150_day,41:31.6
99449,5.61524E+12,MCGRAW-HILL,HOU,7,30_day,39:05.6
99450,3.25495E+12,ENGLISH PUBLICATIONS,HNL,10,40_day,53:59.6
99451,9.97904E+12,OPENSTAX,PHL,4,160_day,28:19.6
99452,1.40797E+12,MACMILLAN,DEN,6,130_day,51:43.6
99453,9.86647E+12,SCIPUB,PDX,6,100_day,48:23.6
99454,3.05858E+12,SCIPUB,BOS,8,160_day,37:33.6
99455,1.79391E+11,ENGLISH PUBLICATIONS,BOS,2,100_day,57:57.6
99456,6.88023E+12,PENGUIN RANDOMHOUSE,PHX,2,170_day,32:58.6
99457,1.17039E+12,PENGUIN RANDOMHOUSE,DEN,1,120_day,55:20.6
99458,2.59751E+12,SCIPUB,DFW,4,0_day,59:43.6
99459,8.15423E+11,ENGLISH PUBLICATIONS,SNA,4,140_day,24:46.6
99460,7.47245E+12,PEARSON,IAH,5,60_day,42:30.6
99461,2.13654E+12,PEARSON,PDX,10,100_day,45:12.6
99462,1.02328E+12,OPENSTAX,EWR,1,10_day,27:00.6
99463,8.57252E+12,ENGLISH PUBLICATIONS,PHL,5,0_day,30:00.6
99464,8.89017E+12,MCGRAW-HILL,BOS,5,100_day,13:11.6
99465,5.23924E+12,SCIPUB,PHL,8,40_day,49:23.6
99466,3.2649E+12,OPENSTAX,CLE,1,40_day,13:38.6
99467,4.81009E+12,OXFORD UNIVERSITY PRESS,DEN,1,100_day,38:50.6
99468,6.4748E+12,MACMILLAN,OAK,7,20_day,59:37.6
99469,2.05985E+12,PEARSON,DEN,5,150_day,52:26.6
99470,9.67493E+12,MACMILLAN,MCI,3,130_day,26:57.6
99471,4.96838E+12,MACMILLAN,SFO,2,130_day,09:35.6
99472,6.04368E+12,MACMILLAN,MCO,6,150_day,19:44.6
99473,5.3937E+12,PEARSON,CLE,2,120_day,14:15.6
99474,2.47588E+12,OPENSTAX,LAS,1,170_day,27:05.6
99475,6.11299E+12,PENGUIN RANDOMHOUSE,SMF,1,10_day,42:39.6
99476,3.82565E+12,MACMILLAN,DFW,7,100_day,13:47.6
99477,1.97139E+12,OXFORD UNIVERSITY PRESS,HOU,1,180_day,15:17.6
99478,2.33639E+12,PENGUIN RANDOMHOUSE,PHX,1,150_day,41:07.6
99479,4.79098E+11,OXFORD UNIVERSITY PRESS,FLL,2,90_day,00:52.6
99480,8.51198E+11,MCGRAW-HILL,OAK,4,140_day,53:59.6
99481,3.4412E+12,PENGUIN RANDOMHOUSE,MIA,7,120_day,00:27.6
99482,8.40334E+12,MCGRAW-HILL,IAH,3,110_day,42:09.6
99483,9.83193E+12,PENGUIN RANDOMHOUSE,FLL,1,110_day,30:58.6
99484,6.86754E+12,PEARSON,MIA,9,130_day,43:00.6
99485,8.27303E+12,ENGLISH PUBLICATIONS,LAX,5,170_day,02:23.6
99486,39627392500,PEARSON,MCO,10,60_day,28:04.6
99487,9.64413E+12,MCGRAW-HILL,DCA,1,70_day,45:46.6
99488,4.66348E+12,ENGLISH PUBLICATIONS,OAK,4,140_day,26:12.6
99489,6.58361E+12,MCGRAW-HILL,BWI,2,150_day,23:11.6
99490,4.75655E+12,MCGRAW-HILL,CLE,6,20_day,36:46.6
99491,5.94459E+12,ENGLISH PUBLICATIONS,ATL,10,80_day,20:26.6
99492,2.22964E+12,PEARSON,DTW,3,170_day,29:52.6
99493,5.68161E+12,ENGLISH PUBLICATIONS,STL,1,170_day,48:56.6
99494,2.5605E+12,ENGLISH PUBLICATIONS,HNL,9,170_day,35:30.6
99495,1.71947E+12,PENGUIN RANDOMHOUSE,SMF,6,110_day,36:58.6
99496,2.58002E+12,PEARSON,LAX,8,140_day,52:24.6
99497,9.9278E+12,PEARSON,PHX,3,100_day,54:37.6
99498,1.71358E+12,MCGRAW-HILL,LAS,5,130_day,28:31.6
99499,57513681168,MCGRAW-HILL,BOS,9,30_day,00:35.6
99500,2.98687E+12,MACMILLAN,ORD,8,70_day,42:44.6
99501,3.03833E+12,OXFORD UNIVERSITY PRESS,DEN,7,60_day,39:18.6
99502,9.85852E+12,PENGUIN RANDOMHOUSE,STL,5,10_day,39:39.6
99503,3.7421E+12,ENGLISH PUBLICATIONS,BNA,9,120_day,58:16.6
99504,2.28224E+12,MCGRAW-HILL,DEN,4,150_day,24:24.6
99505,2.80137E+12,PENGUIN RANDOMHOUSE,SLC,3,50_day,02:58.6
99506,9.18129E+11,ENGLISH PUBLICATIONS,OAK,10,130_day,50:35.6
99507,8.51047E+12,MACMILLAN,CLE,6,40_day,25:49.6
99508,4.26814E+12,SCIPUB,HOU,2,150_day,36:22.6
99509,3.94328E+12,OXFORD UNIVERSITY PRESS,LGA,1,20_day,51:16.6
99510,2.33323E+12,OPENSTAX,IAD,8,120_day,24:34.6
99511,6.28829E+12,PEARSON,LAX,9,150_day,31:36.6
99512,1.69024E+12,OXFORD UNIVERSITY PRESS,BOS,5,30_day,37:59.6
99513,3.36149E+12,SCIPUB,LAX,10,30_day,04:18.6
99514,5.24134E+12,OPENSTAX,SMF,7,130_day,34:14.6
99515,7.63378E+12,MCGRAW-HILL,BNA,10,40_day,23:19.6
99516,6.29719E+12,MACMILLAN,SNA,3,90_day,44:16.6
99517,8.28653E+12,MACMILLAN,JFK,3,160_day,42:14.6
99518,9.35498E+12,MCGRAW-HILL,CLE,4,0_day,31:29.6
99519,9.05922E+11,OPENSTAX,PHL,7,90_day,39:46.6
99520,6.59737E+12,SCIPUB,PHL,2,140_day,46:35.6
99521,4.17178E+12,SCIPUB,BOS,1,140_day,59:33.6
99522,6.46886E+12,SCIPUB,DTW,2,20_day,42:09.6
99523,3.41698E+12,PEARSON,CLT,6,110_day,50:15.6
99524,5.72368E+12,OXFORD UNIVERSITY PRESS,LAS,1,80_day,37:11.6
99525,8.26781E+12,SCIPUB,ORD,3,50_day,56:32.6
99526,5.71137E+12,MACMILLAN,SAN,5,170_day,18:43.6
99527,3.33405E+12,OXFORD UNIVERSITY PRESS,BWI,4,180_day,58:20.6
99528,1.30381E+12,OXFORD UNIVERSITY PRESS,OAK,6,50_day,09:31.6
99529,8.526E+12,OPENSTAX,PHX,5,160_day,53:19.6
99530,8.03688E+12,MCGRAW-HILL,SMF,2,40_day,31:16.6
99531,3.88532E+12,OXFORD UNIVERSITY PRESS,PDX,5,90_day,50:35.6
99532,3.73109E+11,MCGRAW-HILL,SFO,8,50_day,15:09.6
99533,2.70406E+11,OPENSTAX,CLT,5,0_day,40:23.6
99534,7.25231E+12,SCIPUB,BOS,10,60_day,50:19.6
99535,8.74303E+12,PEARSON,BOS,7,60_day,20:43.6
99536,9.38703E+12,PENGUIN RANDOMHOUSE,SAN,6,30_day,39:06.6
99537,1.74611E+12,PENGUIN RANDOMHOUSE,LAX,8,40_day,44:43.6
99538,5.98518E+12,PEARSON,PDX,4,50_day,20:36.6
99539,9.62337E+12,PEARSON,EWR,8,20_day,01:22.6
99540,4.14238E+12,PENGUIN RANDOMHOUSE,RDU,5,160_day,17:39.6
99541,2.64395E+11,ENGLISH PUBLICATIONS,MCI,4,10_day,37:58.6
99542,1.29091E+12,SCIPUB,LAS,1,100_day,57:47.6
99543,7.04325E+12,PEARSON,DFW,3,130_day,55:54.6
99544,9.52604E+12,MACMILLAN,SNA,1,150_day,13:10.6
99545,7.54604E+12,OPENSTAX,STL,9,20_day,14:18.6
99546,8.55329E+12,MACMILLAN,LAX,5,20_day,35:53.6
99547,7.25516E+12,OXFORD UNIVERSITY PRESS,PDX,10,20_day,11:25.6
99548,6.45301E+11,ENGLISH PUBLICATIONS,SMF,1,180_day,56:03.6
99549,4.32503E+12,MCGRAW-HILL,PHX,1,30_day,21:56.6
99550,1.22735E+12,SCIPUB,CLT,7,70_day,25:10.6
99551,2.26106E+12,PENGUIN RANDOMHOUSE,MIA,6,40_day,15:14.6
99552,9.71933E+12,SCIPUB,PDX,2,10_day,16:49.6
99553,25779333687,PEARSON,DEN,9,100_day,55:50.6
99554,6.25371E+12,ENGLISH PUBLICATIONS,EWR,9,160_day,41:54.6
99555,7.96587E+11,ENGLISH PUBLICATIONS,CLT,3,120_day,43:53.6
99556,8.35192E+12,ENGLISH PUBLICATIONS,ORD,5,160_day,05:49.6
99557,3.43493E+12,PENGUIN RANDOMHOUSE,LAX,10,30_day,45:34.6
99558,4.43869E+12,PENGUIN RANDOMHOUSE,AUS,3,60_day,14:27.6
99559,7.23871E+12,ENGLISH PUBLICATIONS,MDW,1,50_day,28:35.6
99560,8.52182E+12,PENGUIN RANDOMHOUSE,HNL,1,0_day,20:00.6
99561,3.16614E+11,ENGLISH PUBLICATIONS,MCO,2,20_day,55:05.6
99562,5.4696E+12,ENGLISH PUBLICATIONS,DFW,2,50_day,24:37.6
99563,9.2079E+12,PEARSON,DCA,8,0_day,59:45.6
99564,6.49377E+12,OXFORD UNIVERSITY PRESS,PDX,1,180_day,47:58.6
99565,6.0825E+12,ENGLISH PUBLICATIONS,LAX,8,50_day,54:46.6
99566,4.3104E+12,SCIPUB,DCA,3,170_day,34:46.6
99567,1.52373E+12,OPENSTAX,LGA,8,60_day,13:42.6
99568,3.88576E+12,PENGUIN RANDOMHOUSE,SAN,6,50_day,13:40.6
99569,8.01545E+12,PEARSON,STL,4,160_day,27:32.6
99570,6.81088E+12,MCGRAW-HILL,CLT,10,10_day,21:57.6
99571,2.47949E+12,ENGLISH PUBLICATIONS,AUS,8,0_day,52:59.6
99572,2.26802E+12,MCGRAW-HILL,JFK,10,60_day,31:19.6
99573,9.61267E+12,ENGLISH PUBLICATIONS,DCA,5,180_day,51:27.6
99574,3.20265E+12,OXFORD UNIVERSITY PRESS,MSP,2,80_day,24:31.6
99575,5.46691E+11,PENGUIN RANDOMHOUSE,CLT,3,140_day,07:21.6
99576,3.45501E+12,ENGLISH PUBLICATIONS,MIA,4,150_day,14:54.6
99577,8.92912E+12,OXFORD UNIVERSITY PRESS,OAK,10,120_day,44:07.6
99578,8.9146E+12,OXFORD UNIVERSITY PRESS,TPA,8,50_day,29:35.6
99579,6.57511E+11,OPENSTAX,AUS,9,110_day,42:43.6
99580,8.50767E+12,OPENSTAX,EWR,10,120_day,47:21.6
99581,6.97192E+12,OPENSTAX,CLE,8,130_day,32:18.6
99582,4.25312E+12,MACMILLAN,LAX,6,140_day,05:14.6
99583,7.11695E+12,PEARSON,MCI,2,110_day,43:45.6
99584,8.78543E+12,PEARSON,STL,7,20_day,05:11.6
99585,4.0253E+12,OPENSTAX,MCI,9,160_day,27:05.6
99586,1.88037E+12,OXFORD UNIVERSITY PRESS,DTW,1,80_day,55:25.6
99587,3.26282E+12,MCGRAW-HILL,STL,10,140_day,49:53.6
99588,7.09691E+12,OXFORD UNIVERSITY PRESS,OAK,10,130_day,50:55.6
99589,8.00108E+12,ENGLISH PUBLICATIONS,BNA,3,140_day,28:42.6
99590,1.69462E+12,OXFORD UNIVERSITY PRESS,HOU,3,110_day,59:44.6
99591,4.17824E+12,MACMILLAN,DFW,2,30_day,55:15.6
99592,5.60226E+12,MCGRAW-HILL,HOU,1,120_day,37:10.6
99593,8.96523E+11,PEARSON,BWI,6,120_day,06:48.6
99594,2.1938E+12,MCGRAW-HILL,FLL,7,120_day,01:43.6
99595,4.76454E+12,PEARSON,BWI,9,0_day,44:11.6
99596,1.04982E+12,OXFORD UNIVERSITY PRESS,PHL,3,140_day,07:26.6
99597,6.7624E+12,OPENSTAX,TPA,3,40_day,26:04.6
99598,7.52669E+12,OPENSTAX,TPA,3,30_day,28:49.6
99599,6.06868E+12,MCGRAW-HILL,DEN,10,160_day,40:54.6
99600,8.17704E+12,PEARSON,IAD,8,30_day,22:33.6
99601,2.43008E+12,ENGLISH PUBLICATIONS,OAK,5,10_day,42:07.6
99602,9.1389E+12,OPENSTAX,SFO,3,90_day,01:25.6
99603,8.40278E+12,MACMILLAN,STL,9,180_day,45:35.6
99604,2.17848E+12,MACMILLAN,CLE,7,130_day,56:50.6
99605,5.81555E+12,PENGUIN RANDOMHOUSE,BOS,3,90_day,24:24.6
99606,6.58681E+12,OXFORD UNIVERSITY PRESS,PHX,3,60_day,39:53.6
99607,5.85444E+12,OXFORD UNIVERSITY PRESS,LAS,9,160_day,25:16.6
99608,8.59682E+12,PENGUIN RANDOMHOUSE,CLE,9,50_day,05:01.6
99609,3.2802E+12,PENGUIN RANDOMHOUSE,SEA,7,150_day,44:21.6
99610,1.79457E+12,SCIPUB,HOU,6,90_day,42:01.6
99611,9.28245E+12,MCGRAW-HILL,SMF,8,10_day,17:16.6
99612,7.06881E+12,PENGUIN RANDOMHOUSE,EWR,7,100_day,26:08.6
99613,1.78741E+12,PENGUIN RANDOMHOUSE,IAD,6,100_day,42:30.6
99614,7.78997E+12,ENGLISH PUBLICATIONS,AUS,1,0_day,44:49.6
99615,8.15627E+12,OXFORD UNIVERSITY PRESS,PDX,9,150_day,46:34.6
99616,8.58772E+12,PEARSON,STL,10,110_day,22:02.6
99617,8.82477E+12,SCIPUB,HOU,2,40_day,33:28.6
99618,3.57018E+11,PENGUIN RANDOMHOUSE,FLL,2,30_day,03:54.6
99619,9.41714E+12,OXFORD UNIVERSITY PRESS,SEA,1,130_day,09:26.6
99620,6.92746E+12,OPENSTAX,JFK,6,40_day,02:32.6
99621,4.88552E+12,ENGLISH PUBLICATIONS,JFK,4,100_day,05:28.6
99622,4.56517E+12,OPENSTAX,MCI,4,150_day,35:57.6
99623,8.78699E+12,PEARSON,PHX,3,110_day,30:39.6
99624,6.2746E+12,PENGUIN RANDOMHOUSE,DFW,9,140_day,07:22.6
99625,2.81219E+12,MCGRAW-HILL,SAN,9,70_day,34:33.6
99626,7.75548E+12,OPENSTAX,SNA,8,50_day,47:48.6
99627,3.53237E+12,PENGUIN RANDOMHOUSE,SEA,3,70_day,53:15.6
99628,3.9394E+12,PEARSON,CLT,6,120_day,57:16.6
99629,7.56534E+12,PEARSON,IAH,9,130_day,40:15.6
99630,4.92104E+12,ENGLISH PUBLICATIONS,BOS,2,30_day,07:15.6
99631,9.41326E+12,MCGRAW-HILL,DFW,1,180_day,10:30.6
99632,6.4016E+12,MACMILLAN,TPA,7,160_day,03:34.6
99633,4.41555E+12,PEARSON,ATL,3,40_day,54:00.6
99634,8.56487E+12,OPENSTAX,LAX,5,100_day,25:42.6
99635,3.97419E+11,OXFORD UNIVERSITY PRESS,IAH,2,60_day,50:54.6
99636,9.57495E+12,MCGRAW-HILL,FLL,7,120_day,40:22.6
99637,6.77894E+12,ENGLISH PUBLICATIONS,TPA,10,0_day,33:26.6
99638,7.06162E+12,SCIPUB,SEA,2,80_day,00:12.6
99639,8.94218E+12,MACMILLAN,MIA,4,110_day,07:14.6
99640,1.80246E+12,ENGLISH PUBLICATIONS,LAS,6,120_day,13:10.6
99641,5.76886E+12,OXFORD UNIVERSITY PRESS,STL,2,180_day,51:46.6
99642,7.43626E+12,MCGRAW-HILL,HNL,7,50_day,55:49.6
99643,1.50526E+12,PEARSON,PDX,7,0_day,08:55.6
99644,5.94889E+12,PEARSON,LAX,3,140_day,15:00.6
99645,3.82778E+12,MACMILLAN,ORD,2,120_day,55:01.6
99646,5.99279E+12,MACMILLAN,AUS,6,130_day,56:58.6
99647,1.86727E+12,SCIPUB,MCO,6,100_day,12:41.6
99648,3.62582E+12,OPENSTAX,TPA,9,130_day,28:07.6
99649,3.32114E+12,SCIPUB,SLC,4,80_day,31:40.6
99650,7.05988E+12,OXFORD UNIVERSITY PRESS,PHL,1,50_day,54:56.6
99651,8.38981E+12,SCIPUB,MDW,8,20_day,22:27.6
99652,2.3338E+12,MCGRAW-HILL,LAS,3,30_day,57:10.6
99653,7.43471E+12,PENGUIN RANDOMHOUSE,DEN,3,150_day,22:25.6
99654,2.55534E+12,ENGLISH PUBLICATIONS,MCI,5,90_day,01:16.6
99655,7.1517E+12,MCGRAW-HILL,DCA,5,160_day,40:29.6
99656,4.52194E+12,SCIPUB,CLE,9,10_day,32:19.6
99657,7.19326E+12,OXFORD UNIVERSITY PRESS,CLE,7,110_day,49:37.6
99658,3.82943E+12,SCIPUB,SAN,10,140_day,54:36.6
99659,2.35021E+12,MCGRAW-HILL,PHX,8,80_day,49:21.6
99660,1.80874E+12,OPENSTAX,MIA,6,160_day,03:52.6
99661,2.00674E+12,MCGRAW-HILL,SEA,3,0_day,38:53.6
99662,2.62094E+12,SCIPUB,IAD,1,90_day,43:01.6
99663,9.93412E+12,ENGLISH PUBLICATIONS,MCI,2,40_day,55:59.6
99664,8.36884E+12,MACMILLAN,SAN,1,30_day,30:03.6
99665,7.61535E+12,SCIPUB,SNA,9,50_day,40:36.6
99666,9.5702E+12,MCGRAW-HILL,LAS,8,160_day,36:53.6
99667,8.59123E+12,PENGUIN RANDOMHOUSE,HNL,4,0_day,16:27.6
99668,9.56687E+12,OPENSTAX,DFW,1,20_day,25:26.6
99669,5.97876E+12,PEARSON,DTW,2,100_day,48:19.6
99670,4.70379E+12,OPENSTAX,EWR,3,40_day,11:59.6
99671,4.45502E+12,MCGRAW-HILL,DFW,8,10_day,28:20.6
99672,1.10566E+12,PENGUIN RANDOMHOUSE,RDU,9,30_day,14:03.6
99673,7.11188E+12,ENGLISH PUBLICATIONS,ORD,1,60_day,03:13.6
99674,7.37275E+12,MACMILLAN,HNL,5,160_day,46:53.6
99675,1.59605E+12,SCIPUB,BOS,3,140_day,45:14.6
99676,3.01255E+12,ENGLISH PUBLICATIONS,IAH,7,50_day,44:55.6
99677,6.80471E+12,OPENSTAX,JFK,3,30_day,42:43.6
99678,9.61843E+12,MCGRAW-HILL,DFW,1,40_day,15:51.6
99679,7.76668E+12,PEARSON,DCA,3,50_day,15:35.6
99680,8.19377E+12,PEARSON,SNA,7,10_day,07:11.6
99681,3.483E+11,PENGUIN RANDOMHOUSE,DEN,7,60_day,54:28.6
99682,9.95859E+12,OPENSTAX,BWI,5,100_day,34:57.6
99683,6.5293E+12,OPENSTAX,BOS,9,110_day,26:28.6
99684,2.32312E+12,MCGRAW-HILL,IAH,5,60_day,17:26.6
99685,6.35242E+12,ENGLISH PUBLICATIONS,PHL,7,130_day,14:56.6
99686,2.17607E+12,MCGRAW-HILL,SAN,4,180_day,57:10.6
99687,9.94782E+12,SCIPUB,PHL,4,160_day,27:05.6
99688,8.95742E+11,MACMILLAN,RDU,4,30_day,12:46.6
99689,9.00004E+12,MACMILLAN,SAN,8,140_day,58:14.6
99690,3.81221E+12,MACMILLAN,PHX,1,160_day,55:35.6
99691,9.06028E+12,OPENSTAX,BOS,3,80_day,41:24.6
99692,8.51315E+12,OPENSTAX,RDU,1,130_day,19:44.6
99693,6.78455E+12,MCGRAW-HILL,FLL,7,10_day,13:37.6
99694,7.97399E+11,PENGUIN RANDOMHOUSE,BNA,5,160_day,52:34.6
99695,6.26448E+12,OXFORD UNIVERSITY PRESS,DEN,9,130_day,12:27.6
99696,3.773E+11,SCIPUB,SEA,9,170_day,10:14.6
99697,8.82359E+12,SCIPUB,MSP,6,140_day,27:28.6
99698,1.86055E+12,MCGRAW-HILL,AUS,10,0_day,37:22.6
99699,2.64574E+12,PEARSON,MCI,6,140_day,40:14.6
99700,5.06185E+12,OXFORD UNIVERSITY PRESS,DFW,9,120_day,31:03.6
99701,7.74698E+12,PENGUIN RANDOMHOUSE,BOS,1,70_day,17:47.6
99702,9.13727E+12,OPENSTAX,SNA,8,140_day,42:31.6
99703,7.22489E+12,MACMILLAN,PHL,10,10_day,40:44.6
99704,6.83615E+12,MCGRAW-HILL,MCI,9,10_day,01:15.6
99705,5.41577E+12,MACMILLAN,SEA,2,50_day,26:36.6
99706,62815237183,PENGUIN RANDOMHOUSE,AUS,5,10_day,21:45.6
99707,5.74139E+12,PEARSON,PHL,8,90_day,08:05.6
99708,7.02369E+12,OXFORD UNIVERSITY PRESS,BNA,7,160_day,58:04.6
99709,2.39449E+12,ENGLISH PUBLICATIONS,JFK,1,150_day,05:19.6
99710,9.3478E+12,PEARSON,MIA,4,10_day,39:04.6
99711,5.11041E+12,OPENSTAX,MSP,10,150_day,30:12.6
99712,5.79179E+11,PENGUIN RANDOMHOUSE,MDW,1,140_day,49:15.6
99713,4.64786E+12,OPENSTAX,SEA,6,120_day,32:09.6
99714,1.12136E+12,OPENSTAX,DFW,1,50_day,49:56.6
99715,8.10537E+11,MCGRAW-HILL,EWR,8,100_day,42:37.6
99716,2.23318E+12,ENGLISH PUBLICATIONS,LAX,2,150_day,32:39.6
99717,2.34675E+12,ENGLISH PUBLICATIONS,IAH,9,120_day,11:00.6
99718,1.02364E+12,ENGLISH PUBLICATIONS,IAD,6,90_day,25:51.6
99719,3.33201E+12,MACMILLAN,MSP,8,180_day,30:21.6
99720,5.83006E+11,MCGRAW-HILL,DEN,9,160_day,57:49.6
99721,1.07198E+12,MCGRAW-HILL,PHL,2,150_day,59:38.6
99722,7.14232E+12,PENGUIN RANDOMHOUSE,PDX,8,130_day,42:44.6
99723,6.62301E+12,ENGLISH PUBLICATIONS,LGA,9,80_day,55:26.6
99724,8.57484E+12,OXFORD UNIVERSITY PRESS,CLE,9,180_day,25:54.6
99725,9.22782E+12,OXFORD UNIVERSITY PRESS,OAK,10,100_day,26:11.6
99726,9.97167E+12,OPENSTAX,FLL,7,120_day,47:52.6
99727,4.22498E+12,OXFORD UNIVERSITY PRESS,PDX,2,180_day,08:25.6
99728,9.0043E+12,PEARSON,HOU,9,10_day,52:40.6
99729,6.43085E+12,OPENSTAX,PDX,8,10_day,17:40.6
99730,7.93336E+12,OXFORD UNIVERSITY PRESS,SFO,8,120_day,29:33.6
99731,2.75522E+12,MACMILLAN,LGA,4,160_day,41:14.6
99732,3.07539E+12,ENGLISH PUBLICATIONS,MCI,5,120_day,51:00.6
99733,8.26317E+12,MACMILLAN,ORD,6,130_day,56:48.6
99734,3.71364E+12,ENGLISH PUBLICATIONS,BNA,8,30_day,39:24.6
99735,5.25351E+12,MCGRAW-HILL,SNA,1,150_day,17:19.6
99736,3.70794E+12,MACMILLAN,STL,3,180_day,38:19.6
99737,1.83662E+12,OPENSTAX,DFW,10,140_day,01:23.6
99738,9.09675E+11,ENGLISH PUBLICATIONS,BOS,10,140_day,33:25.6
99739,3.00745E+12,PEARSON,SLC,9,40_day,42:46.6
99740,4.19828E+12,MCGRAW-HILL,DFW,7,140_day,51:49.6
99741,8.02882E+11,PEARSON,BNA,6,0_day,45:28.6
99742,9.99869E+11,MACMILLAN,RDU,9,110_day,35:28.6
99743,8.49773E+12,ENGLISH PUBLICATIONS,BNA,3,180_day,42:27.6
99744,3.21287E+12,PEARSON,MDW,9,160_day,49:32.6
99745,3.4171E+12,MACMILLAN,DFW,10,70_day,28:00.6
99746,9.02217E+12,PENGUIN RANDOMHOUSE,FLL,3,50_day,57:27.6
99747,6.2214E+12,OXFORD UNIVERSITY PRESS,TPA,7,20_day,43:04.6
99748,1.10002E+12,MACMILLAN,SFO,1,140_day,38:09.6
99749,8.50202E+12,PEARSON,SEA,7,60_day,18:48.6
99750,3.93604E+12,MCGRAW-HILL,HOU,5,150_day,48:54.6
99751,4.2953E+12,SCIPUB,MSP,1,100_day,21:53.6
99752,1.96721E+12,OXFORD UNIVERSITY PRESS,FLL,1,150_day,27:07.6
99753,5.48892E+12,MCGRAW-HILL,FLL,10,100_day,05:49.6
99754,1.74043E+12,PEARSON,CLT,4,130_day,42:09.6
99755,8.99783E+12,PEARSON,HNL,2,140_day,27:18.6
99756,6.63537E+12,SCIPUB,DCA,1,60_day,23:31.6
99757,3.49427E+12,MCGRAW-HILL,ORD,6,10_day,28:19.6
99758,3.46685E+12,MACMILLAN,MDW,10,0_day,10:02.6
99759,8.5808E+12,ENGLISH PUBLICATIONS,DTW,3,110_day,33:34.6
99760,8.24395E+12,OPENSTAX,DEN,3,0_day,44:17.6
99761,4.46252E+12,MACMILLAN,PHX,4,50_day,30:18.6
99762,9.33297E+12,ENGLISH PUBLICATIONS,IAD,8,180_day,23:24.6
99763,3.62721E+12,OXFORD UNIVERSITY PRESS,PDX,3,120_day,34:05.6
99764,8.07321E+12,OXFORD UNIVERSITY PRESS,CLT,5,90_day,10:06.6
